название,цена,ссылка
Люстра Ливсден Brown,17 590,https://www.divan.ru/sankt-peterburg/product/lyustra-livsden-brown
Подвесной светильник Ливсден Brown,3990,https://www.divan.ru/sankt-peterburg/product/podvesnoj-svetilnik-livsden-brown
Настольная лампа Ливсден Brown,7590,https://www.divan.ru/sankt-peterburg/product/nastolnaya-lampa-livsden-brown
Бра Флиммер Black,1390,https://www.divan.ru/sankt-peterburg/product/bra-flimmer-black
Люстра Флиммер Black,6290,https://www.divan.ru/sankt-peterburg/product/lyustra-flimmer-black
Подвесной светильник Флиммер Black,1590,https://www.divan.ru/sankt-peterburg/product/podvesnoj-svetilnik-flimmer-black
Настольная лампа Арбет Orange,2390,https://www.divan.ru/sankt-peterburg/product/nastolnaya-lampa-arbet-orange
Настольная лампа Леррет Beige,3990,https://www.divan.ru/sankt-peterburg/product/nastolnaya-lampa-lerret-beige
Настольная лампа Леррет White,2590,https://www.divan.ru/sankt-peterburg/product/nastolnaya-lampa-lerret-white
Люстра Синдри Black,13 990,https://www.divan.ru/sankt-peterburg/product/lyustra-sindri-black
Настольная лампа Арбет White,2390,https://www.divan.ru/sankt-peterburg/product/nastolnaya-lampa-arbet-white
Настольная лампа Истад Black,1690,https://www.divan.ru/sankt-peterburg/product/nastolnaya-lampa-istad-black
Настольная лампа Арбет Black,2390,https://www.divan.ru/sankt-peterburg/product/nastolnaya-lampa-arbet-black
Торшер Нидлс Khaki,14 990,https://www.divan.ru/sankt-peterburg/product/torsher-nidls-khaki
Настольная лампа Нидлс Raffia Beige,4990,https://www.divan.ru/sankt-peterburg/product/nastolnaya-lampa-nidls-raffia-beige
Настольная лампа Манэт White,2290,https://www.divan.ru/sankt-peterburg/product/nastolnaya-lampa-manet-white
Люстра Боллар White,22 990,https://www.divan.ru/sankt-peterburg/product/lyustra-bollar-white
Настольная лампа Рибе Black,1890,https://www.divan.ru/sankt-peterburg/product/nastolnaya-lampa-ribe-black
Настольная лампа Арбет Silver,3390,https://www.divan.ru/sankt-peterburg/product/nastolnaya-lampa-arbet-silver
Настольная лампа Рибе Orange,1890,https://www.divan.ru/sankt-peterburg/product/nastolnaya-lampa-ribe-orange
Настольная лампа Спайк Pink,1390,https://www.divan.ru/sankt-peterburg/product/nastolnaya-lampa-spajk-pink
Настольная лампа Снибальд White,790,https://www.divan.ru/sankt-peterburg/product/nastolnaya-lampa-snibald-white
Настольная лампа Арбет Beige,2390,https://www.divan.ru/sankt-peterburg/product/nastolnaya-lampa-arbet-beige
Настольная лампа Спайк White,1390,https://www.divan.ru/sankt-peterburg/product/nastolnaya-lampa-spajk-white
Подвесной светильник Клауд White,9990,https://www.divan.ru/sankt-peterburg/product/podvesnoj-svetilnik-klaud-white
Подвесной светильник Сансет Black,5990,https://www.divan.ru/sankt-peterburg/product/podvesnoj-svetilnik-sanset-black
Торшер Билли Black,19 690,https://www.divan.ru/sankt-peterburg/product/torsher-billi-black
Настольная лампа Синдри Grey,4390,https://www.divan.ru/sankt-peterburg/product/nastolnaya-lampa-sindri-grey
Подвесной светильник Бабл-9,19 990,https://www.divan.ru/sankt-peterburg/product/podvesnoj-svetilnik-babl-9
Торшер Бабл-1,6990,https://www.divan.ru/sankt-peterburg/product/torsher-babl-1
Подвесной светильник Бабл-3,6990,https://www.divan.ru/sankt-peterburg/product/podvesnoj-svetilnik-babl-3
Бра Бабл Black,2590,https://www.divan.ru/sankt-peterburg/product/bra-babl-black
Настольная лампа Дэнди Black,3990,https://www.divan.ru/sankt-peterburg/product/nastolnaya-lampa-dendi-black
Настольная лампа Алней Black,3990,https://www.divan.ru/sankt-peterburg/product/nastolnaya-lampa-alnej-black
Настольная лампа Дэнди White,3990,https://www.divan.ru/sankt-peterburg/product/nastolnaya-lampa-dendi-white
Торшер Варио White,7590,https://www.divan.ru/sankt-peterburg/product/torsher-vario-white
Бра Варио Black,1090,https://www.divan.ru/sankt-peterburg/product/bra-vario-black
Бра Варио White,1090,https://www.divan.ru/sankt-peterburg/product/bra-vario-white
Подвесной светильник Сансет White,5990,https://www.divan.ru/sankt-peterburg/product/podvesnoj-svetilnik-sanset-white
Настольная лампа Алней Beige,3990,https://www.divan.ru/sankt-peterburg/product/nastolnaya-lampa-alnej-beige
Подвесной светильник Кэндел Black,3990,https://www.divan.ru/sankt-peterburg/product/podvesnoj-svetilnik-kendel-black
Подвесной светильник Кэндел White,3990,https://www.divan.ru/sankt-peterburg/product/podvesnoj-svetilnik-kendel-white
Настольная лампа Астри Black,1390,https://www.divan.ru/sankt-peterburg/product/nastolnaya-lampa-astri-black
Торшер Сканди White,9990,https://www.divan.ru/sankt-peterburg/product/torsher-skandi-white
Настольная лампа Гровер Glass,6490,https://www.divan.ru/sankt-peterburg/product/nastolnaya-lampa-grover-glass
Торшер Рэй White,5590,https://www.divan.ru/sankt-peterburg/product/torsher-rej-white
Настольная лампа Астри Beige,1390,https://www.divan.ru/sankt-peterburg/product/nastolnaya-lampa-astri-beige
Торшер Мун Black,8990,https://www.divan.ru/sankt-peterburg/product/torsher-mun-black
